repo_name,sha_ids
aosp-mirror/platform_frameworks_base,733978be4c89b81e59d4562e86576760037cac70;f5f290cce9df2e3532d0be5403b98621b53a8cc9;fcea0ec0195c93798572101ea9ce70081a4f174c;3f3913550c10792edb8aecf66cc83c3db5c8b311;7bdb096289d10983f6fe711ecd598e350c9a9587;7c12eee6439435d7f29d49cab76edaedbd809460;2ecbe69ddd4fc93e83c2810ab88abb03e4f9f718;7a32fba76a15d356d929b35db516fcf3f136defb;8068618ebed021c445db0919843cdb6b9b9e35b5;f83464ed0a1c9215f4100fa018061710ed722ef5;ed7e00729f78d11107f0e9a7f0559dfe4be6b560
aosp-mirror/platform_dalvik,48a2061356d1269fbd04420d9095ca7dd5e54901;399fbc0d87bbe4f2808cb582dc23f932432ea846;45fd158052a5ebfc57e7a063c6990da5ae019aac;3e5b456ad3c5843a95882f10028257a0a5f9866e;c03da3e87a0537b211f2300d594597d84898b8f7;da9dc84a1296a11efce0b656cbc87c7112994d0b;9fdbd91288a237eb58e18e4de9c729c3c268c318;44a3484d9ba75aa88c0f3187a9c0ef56e892771b;6b1f9f877b70fcc5375fa33a445ac84777757eb2
aosp-mirror/platform_packages_apps_contacts,fe4f03cd0ca38e446f7690e1b5e076e65530bb37
aosp-mirror/platform_packages_apps_camera,2c28c55197bd37f1f199dd9884c4bfca7ea6ff0e
apache/zookeeper,a79aaf38e4842f419269bdebf3bd1409bac81f7e;4a1154ac082506a3269e47e51ff2f600b6d28d07
apache/cassandra,9c5274b4cd0448af42cb3da8dc6d9a4422355a06
apache/nutch,492897c3d041476a953c2d1077d9481512a6838c
apache/commons-lang,bb5244814ca59d1ce896e68fdbe0dc8928b32532;3efd6ccdbf1131b8d0b2677cbbdb41d7a23929f0;dcfba435bbe1129f7e3e0a52ff709927768e3559;655050f6fdefc474caf6c6e28dbe8ef63da2f395;3eebd98b548fc960a7cd9d14eb0771b14615e9a1;887d935024ec45d4c22c2676c0c2972c39462fc8
apache/tika,55caab732574518e8676ec9718da05bde1c1ce8f;0bf11aec86079b8f1ae2f1ea680910ba79665c4f
apache/httpcomponents-client,3e8ed5a22aa8ef24529da17ca456feb1d085e954
apache/mina,ead3e3a696a031320f1f182d960da99ea481e073
apache/commons-io,c604d60e0f41a91707cac93cff04ad15874280df;63eba2740e08ede085c78b131bc1a9c3f1d5ddb1;50402e2c494d0b88f13f80cc76c914dadf350ab9;8cdf22e417fd6f62e3052aa79c6c94c5adc167d7;64926ebd3cb0f771916946b48c774709d6308356;61bfd7be89e97e204caea839e37c67c6f837a710;6386350306daf5f5fbc3fc15ad291804c9349f94;1daa7cb1c8d2abe9caaa4c6f568e00217ce18da5;d8fe96fbe09ae5f7d644c55c4d61aad6132870fa;11c95251bc5923b32fe3b8e9fd9f0fb51c563c57;60b61dabc7927afaa4a7205046d889a2daef2293
apache/commons-codec,1e2151c26bccea33125da79e7c616c2c55edc855;fb78cbb077f6b0b6405ab0c7d74c7c3cce29bf9b
apache/httpcomponents-core,9cc9885c895884ddf8341540257d137e1bc732d4;54f8ab05d65afc6f8914680a5dd0f166e0e1bad7;92d3b62cf95091b13954ada6519721834ec29ce0;f8949608698c739093e3a0ae07efd4823f346fec;ceba441a5db92bb536789e74e82d220cf5f96306
apache/commons-cli,321a9d79aabec6850e688d1408dba8d9aec8c231
apache/qpid,641f048cb8b86be0304441a6227759d7ad420ff3
apache/xmlgraphics-batik,1177cd0b3e76a1ba39efe360d457c87be34cec60
apache/directory-server,7cd7c9e465e9e07b5d567c2ae19581d904114255
yaxim-org/yaxim,6d037a4e762dfa5c7ec758e1945d60291f7a03cb;0e54f7cfa0381bce62ee5ded2cf1542ec1847e22
cucumber-attic/gherkin2,9b30d1ef78d3c61e96b061fec09fc018ece5497f;ae3c95e5e78c6afb690c2e93af1358a665eea4d0
projectccnx/ccnx,09353922bd3c50c0cf08bd8fc796fee84b788ffc;c95246513f87080198638c81d4a271e0973e2435;1e825dd2ddb8721e76ebad70705fd34b4dea2045;293bfe17f7efc5cc06ae48807def5e6a3bc597da;79bb2051499a3bdfa02a664f74f9e3bbd6661413
liferay/liferay-portal,cd4dc25921b9b1864f9c6e7bf97b88dddec0b371;de11c57106c67604fde54bfd1987a05ad1561bf8;0d4d76c9260c721bdf36bd78d9dc9eab02550f9f;5a9b1d9482a136dcd8a3104376646eb082414b3d;7c72cacf387cbf057be813864aac698a42505f25;6e5853b91d777aca52ea8239274d0593048f866e;cd550e7d92ef4a2d6f21aeaa211596221dd1fb3b;0bdf113eb76a4823eff0d82fae11a4be7a88a285;7269300f5be23b1ee892a2ae442c52df82183199;54144cd7a1df96fd37fb3ab66077a246a548cbea;cfc36006ebce4f87b3c21f9a2eb0570d61e91b91
huxi/sulky,965237b6c27c11ef43436c0a2b69ae50f327fb1a
jhy/jsoup,83ad1bc40f08cbdd2994695058580972e7499381;0993f66ce330ccfbd84a65005ed1b2f1ae167d81
elastic/elasticsearch,62fb3337a604c80803b4b7f8d7eaa3cccc9e8346;b3a4a89151175f23ff4f09202c28e35a87d0da42;4f58cf24f819f162ad2ec286c4bc2f6b956339f9;7192c4630772fc205ca005648adf9667dbd48d17
bndtools/bnd,e0987e2caf0e3438bb54562347883c492f209708;0a77d4784f5dc43a6a08c3e3e7f56b31b0e1d6a0;e64655294f42e46d1a996c98aa8324376237fa56
graylog2/graylog2-server,6409181a520374d7fcd7906f8b8faf079ae15d64
apache/jmeter,70f1999cc47d78bf8bb87f222e6b5418f6ce59e4;5991c46d9656e807161ce716022de14be1a2738c;fcd4897a7f3ccaaed631ed2d2ba2e546b788aa63
vrapper/vrapper,a70a91079ca16a0333b6608743187cd9a4e6476b
cyanogenmod/android_packages_apps_camera,2c28c55197bd37f1f199dd9884c4bfca7ea6ff0e
lmco/eurekastreams,5cbbf9297b7fce9816ded354f4cd4034f48c8908
cyanogenmod/android_packages_apps_contacts,fe4f03cd0ca38e446f7690e1b5e076e65530bb37
cyanogenmod/android_dalvik,48a2061356d1269fbd04420d9095ca7dd5e54901;399fbc0d87bbe4f2808cb582dc23f932432ea846;45fd158052a5ebfc57e7a063c6990da5ae019aac;3e5b456ad3c5843a95882f10028257a0a5f9866e;c03da3e87a0537b211f2300d594597d84898b8f7;da9dc84a1296a11efce0b656cbc87c7112994d0b;9fdbd91288a237eb58e18e4de9c729c3c268c318;44a3484d9ba75aa88c0f3187a9c0ef56e892771b;6b1f9f877b70fcc5375fa33a445ac84777757eb2
cyclestreets/android,83e0dd33e1252d6b9f5ac9ad58ee6aea4269cccf
cyanogenmod/android_packages_inputmethods_latinime,89dfb2bae171956dbcc880c9192ff29949388770;61de759f2dd850bb785f05460cfeff7a24df4371;5f4ebfc67b38bbdc8612ec26af1d8e2cd065dd0f;fcee70ea9283af0a9e40d87ef5902ba5b8ef6763;f0a980966264fa98ef8e1b834650d9bf54de92ae;7a408431fe6b77bc7a317b86c7adfb1aeebd5def
robolectric/robolectric,6c91a748d1b489ac88b4cb397ffb2fe222b07ff4
go-lang-plugin-org/go-lang-idea-plugin,71512a1a0bc0ee3e1558028c83c63ce463b7708a
arduino/arduino,10019bb0df0bab61d6b26cbc7342f5aee44969f6;00706284dec3171646419839bd4a9e3f1c2d7088
geowebcache/geowebcache,0af041ee22ef9a72aaee589ad00c591419d537df
apache/commons-validator,85ce1d6226e30235782e2ebf9cfdea99b97adb45;de7a2666a98ff6c65e1993aa23829ba30a1e61a1;dee5abd5c38c5274b7ee88b15dd1bb90b4212690
hibernate/hibernate-search,5e73c9c5ca9640e64b667daaf0a9310d5c44f6fd
enginehub/craftbook,7d58dda5ac1da062e764792db17e7a67bdc9b0f1
netty/netty,3634f6a2e21c417f75e3d982c3675f87eb9611fb;0b16006fd74bbef93d984db3cf8f653fa455d1d1;4332821e6f501c4b721314846e8f00d8ab82de69;44daa99d3f9911e4cf016b4ac873833852cca53a
infinispan/infinispan,3b4129949630a9fda0348a5d07661ecef295fb57;e499e3fcb39cc64e587b1248a419e292e2b08ef9;67110c4aafff7801854244f0dd3d59c2591db847;2798055e5aaa58da2df64e577891f94fe9b59541
novoda/sqlite-provider,9da6993407df3998ada40d70364029dde66f2cc4
enginehub/worldguard,39bb52205173ce9f754a75b003ff68575fc7d392
rstudio/rstudio,710f9b06faae4b91fd1f5cdcf1c03ac8dc530cc5
jenkinsci/warnings-plugin,0455b1e8ab6fcaa02e5ab1c58344972bee645eef
jenkinsci/jclouds-plugin,5d709fb53ad9ed5894557a6588e84c9fb34361a4
sandsmark/quasseldroid,723e8be8a7117e552f680e7f50e67e0beaf64b8d
neo4j-attic/graphdb,2d833b55d2fdefcbc19f0d9725166a898c4d9d18
mifos/head,5f99639824165217eeb29193fa79c44aa228b0ba
twitter-archive/commons,7b0d1f5e35b6c0b2ca339b5dbddea2e3774a0916
xwiki/xwiki-platform,f4425bf1c9cf8130346522b9f447ddd6d84a1e1e
kong/unirest-java,d5568e83ae6e3a036f5aeee823db0af93258104f;86def005a809b7d816f4f59ec2ceda902ae0a07f
elbukkit/magicplugin,da2a23526be739410da6af54db9eb06c2dee79fb;0c0dc524705c9b56da6c94c2a69c5384535e00b3
spoutdev/spout,fcc711dd5466fc526cf75c1a967ceaf91d02ea62
perwendel/spark,ac51c95b8f9005e7b04e9f327c658f01d03c53a9
garbagemule/mobarena,fa2016acb5f9d990c0a163c1b52a7a82c2533347
joekoolade/joe,ea754d8dde0c52e2314f5b98407e6dd88fd2cd5a
rackerlabs/atom-hopper,ea7a614aa6fd2c017069b9cc544c31d578b66a82;4571524a70a52c7daba2d9778860e04d45852f38
eclipse-cdt/cdt,ca7122316a17677bf86e478a3a655ae49857ca7b;316f28e9c06b836d15aa9a5fc25701e89f525ea3
tuxmobil/campfahrplan,c2b47da27020c1b66257dd6a4738e54507d3f3c6
opentripplanner/opentripplanner,4662ebdd129288c8ea0d37769dcf9c1df4de718c;5541b432be83160ee3106d73e4e6860d622f7f1a;05d2819ffc78bcca1d9eeeef2badf7187f8a825b;8d9d83e92a762c46fb22a3737d85004021717a6e
imagej/imageja,0ff53c918d86532ed6eeb921fd6b4f59dfc51b8c
apache/kafka,59e59fc545b17c2893120d616ea4ed170af730b8;37efc79eb82e0f290d0d2a17f24001f2cbc922cc;8d8e2fb5c94a2287d62fe010c87fe0c8728e88c0
jtalks-org/jcommune,d07c1c9555ea0576d8b62b02138edd1e4aefae78
apereo/cas,8f8b658e5bca1507cbce6def81b609469595b884
voltdb/voltdb,c44da82772e2e79742c8d8dc1c1718c4604337d1;d29783cdf0443a572b21806b94220f80ad82fdb8
sleuthkit/autopsy,44a766588f71d6573d3362303ab835dd04ae2d36
ome/bioformats,80bb45a0919ae550f2fe65e8dc4f6066aa5ee953;b477bc4912441e3842776fc633fbaaeb2a085bb7;0e039b1f9e90a754f74289bad7f4790d8cbac499
apache/commons-compress,a428e428df2766f1d1b2b793b3f812344fa61fdc;03239b0ea42312c7b5daf4520c1ce1caaf6189fd;7145b4a3d1fd2385f59595b890327a6c451188a7;8167612318222224fc0bc8407dfed18ca1224c5f;fd648e2fd39f6f7d607b974fa73c405c9357d537;7e06782f1dabae328d0307c626e479989310fcab
apache/commons-fileupload,226be7ac79723eefe11fce04d1035a97de0f150b;e0b0705d2a24ff45a32d5e38c706865b38662715;b6a633238ee4a0306aa1dde54e542b43fa5c50b5;d893364a9d4ed1199007477e68d107950ea15c3b;8528b108c4b709cf4d16899f65ac239f30391268;419a7907c75172cf1de558417f632bc0cbdbf1ab;7366e891a003c2c5031a434308c9447020915a9c;3678325895eec1edfc4fac22058734dd57741855;d32cf6266d44c742cbec26ba467d3cbe891db533
apache/directmemory,7be1c4204f26475542c9509a966215cfb8727d5e
alibaba/fastjson,cbd625b77439c772560754f0dba7f8ea7cfa06a1
geotools/geotools,e6fb6f32503822d01a0960d5d3fdb0e5df02c2ce
aokp/frameworks_base_disabled,3f3913550c10792edb8aecf66cc83c3db5c8b311;7bdb096289d10983f6fe711ecd598e350c9a9587;7c12eee6439435d7f29d49cab76edaedbd809460;8068618ebed021c445db0919843cdb6b9b9e35b5;ed7e00729f78d11107f0e9a7f0559dfe4be6b560
azure/azure-sdk-for-java,3098d0ea51bd919cd205b15960966d9482f64443;56ee9d7c5e58ab2f42831cead6e3c166020e40d8;fdfdaed8b2e64e17a38d308edbe914a986ccbebb;8a01cb7ea28451e772d6868a80fe49e3706c952e;320b582fae42222a9d06e07ae07abe8ed56d6937
marytts/marytts,9aa2a147fe96bda95dbdc043413d148e6414be41;73c476ee8f734d084b78ebdfba39987faf3e71d8
yasserg/crawler4j,f65b4a2bd20c16852f0f41e07ba240f0b3d1e4e5;9ff61ee7f183c012b4b4e0375bdfd7368f889106;981712c94627e79bdd61ebc023718e13f013b9d4
mcmmo-dev/mcmmo,f4b6d7845e3c84e3c5c1378ca74583dd205a89d2
minecraftforge/minecraftforge,d86f58a0df1e8fda0303fa8250ef7cb0a8f8807d;cb4a073f5d86705b390ac1578e6cd1dae3525672;53659fca065a600470734d81a168fbdde6ec631a
pgjdbc/pgjdbc,10495ef7b25cec8c600360f306a1f0bb577b0b9e
splunk/splunk-library-javalogging,de4d770551b63b4fec1cc1ef097df846d014c548
hoijui/javaosc,2e838fca142f907701ee6b7853df39e03d0fd97c;1d405e2a1d943b06f60e8041dcf8a0ba7828eede
rinde/rinsim,fb6541416235de2804f2ef1e3748204c125ca41c
nroduit/weasis,c6c346132403d8e00c30717537811e272ff466b4
iiordanov/remote-desktop-clients,0ca6860906d04052af0088be6135f80509ec11fe
scala-android/sbt-android,03464c3c9a5c445f87f2ecfb62d22066eb8b9ae5
open-keychain/open-keychain,db3e90821cfff9ac8fe369fdcbbf8ce7e708ba15
apache/jackrabbit-oak,56a513a0866e32d3af8d3c973059c4d30b6f872d;0034c1e1ed9552d749d67b689c509fea1602a5f5;752bc2037a44056b115d91879a44c6397a0b4af9
hazelcast/hazelcast,3e11cbee3b6f8e1b0a6110239fa62017da0cc36d;8aa463a16007637832f632e4ce8813c946890e88;c6d242a773e88d5f7839f08e88b5abbb48e245c9;2c7ba55ab5ee50c648c8273ce1d6ddf9ef8502dd;acbfe61d3299a4a6c16430185843450ebcfe7465
jgrapht/jgrapht,d51fe5d3871fcf59f0deb7ec062014f243d6c463
buildcraft/buildcraft,fcfc95862838d2174ee10ef8cc5948c485f61575
magefree/mage,08d1eb5319f44b3422108d9f8e6ce4d009e84c25;63a0781b87eec07fde372cd85a4a1f6c8138b4a7
sonarsource/sslr,d3587bce9951abef51e361ec550dfff626306629;187d21e148b38b104eeffd1140a2db8aea5b5c27;c95a3ab6c00b52505bd29680b73fb14f97cee1d9
groovy/groovy-eclipse,bd560dc748569c5b9953015d63af442fe301bb9c
sarxos/webcam-capture,f9543cd194382eb8b9a2346ebec218fc3f9f3638
i2p/i2p.i2p,312534b635e5df2f5ac728aa5bdf24b4465eb318;7f472e4ee90f0781b57fa70aaa18a4282ad0f69f
catrobat/catroid,3f8bd46d8d554aa6507e80597de771f2b2a1c46b
universalmediaserver/universalmediaserver,039f53aea07c31e9b204ea90da2f71fe5a263124;b674bdfcef5cab283774e3baa1dbe1bb81426695
ecsec/open-ecard,8ed7db8fd56e5f3ae8e90bc67afa294e3ce3f246
azagniotov/stubby4j,d4d59a92e4a17e310c4a8b22597c6bd0ba4573f7
geonetwork/core-geonetwork,477aa2cdcc7f259c12fcc574bfb4d15cef9d0db3
apache/dubbo,ad72159b0e3ff641e3a08754297c81278b94d94e;003e400b6f9d3d35d264a4aaa6e665ff7a9c237b;897b80de3840c0bc9d9928dc1fb3f28ca8d78cc7
naver/ngrinder,2cec9aead26f6875f8e2ba74f4055c52df841486
orbisgis/orbisgis,03367a4e50d7a9c2d03e723c06608ca168025255
jacorb/jacorb,ba4bc6d5efed6b28916a1ede0aa759ebfdf1742a
jacoco/jacoco,8ff139ae63986345a044660d6a93cb1bfe9d970f
pmd/pmd,2449f6404ec001dde8fe782febb993f262a5ddc1
undertow-io/undertow,852c4aef3458457fb1381d46691d46914d125323
netflix/eureka,6c12040f58977d70df3f870fc499be9fda7d7caf;b7d1c6dde7ca64a4b75d3f0af3be66d93d3507b4
gluck/ikvm,0b16ffeac56f369c8f7f73837bf73abcd520f234
prestodb/presto,f8c51c3adc5bc341e9e598e0ffd73483e508d875
robo-code/robocode,d06ac14ad1f9bb4f1f224ed06b3362205d57b12b
naver/yobi,3532ab77a82a0a0506be217cd0b099875b8cb920
uwescience/myria,81417723da1253de0d0d614fa46f246b87ab46f7;91f6f2be33f2c8c84066080fc4e315503dba2440;c83dbc58b6dbb708e3672948b3011fb06a881f11
jeremylong/dependencycheck,e6707c65a57c200f3d97f6e9af7e83ac9b062471
sonarsource/sonar-java,78afb8edae99f84194a9341f8c8d0e5ccb1d98ce;75eac2f970882469bf2afc12c82258aca00f0274
jenkinsci/ghprb-plugin,2dd65219322995c8941c1ca8c05be3b7fd0d26b5
wyvernlang/wyvern,7f9c0ee6ff71ac36a05717ba7a216220246e584e
jcodec/jcodec,e67d010f8c1049cca85b82e0e8fed9985e6e0dcc;f84fb212e588003994b68d0436e7273584c58efb
inl/blacklab,387bdec9bf782746d413a4b81aad921bea74fe24
openrefine/openrefine,c4b0ff6bea1278032855c56bb8c6393619c42acd
spring-projects/spring-boot,9ee6303876cb8046169e95ce6a0098f61cdb4739;ffdc9f0ff3927057f00c6ca2b098c4280efda090;a85e27c7cd391d4cbe1297857a8b4cbd0000cc69;f2ca2533d51281f4c27da8231e8ab036e8f88310
vaadin/framework,7e465de500430c17dd44deaa667c9218e5af77f2
apache/druid,c23622790568e1fca2eeaae308903d3199093ece
reddwarf-nextgen/reddwarf,09d5c6733d3b8dd085ecaa0c4a8c62b481ec78ad
kijiproject/kiji-schema,53dd81b0423aabe8cb38870519db04edfddedbfd
haiwen/seadroid,a99b08affb9f8178ac4b868e402f9ad0370652eb;78b270a4106cde7096315f1cf38575b2f386113d
mulesoft/mule,6200f299c3fff1770285797279bb84dba2bb9eb8;5d0ea0081c9d6db2e14e218dbf397c5fac96e61f;3f5de2198e720be07c231d139830400a629f9e83;062d3d02831990c3336d3430ea1140cae678a792
orientechnologies/orientdb,f7d41aba467656666dca61fe3b93f53fb0617bce;1b5d55146b2298a081768c92cb7799bc0e8dd8b1;8e3e5adc78396a6f2a8d5e38556b96fc5f227c84
camunda/camunda-bpm-platform,c0c5fad03ae58303dacae762859dbca9e8c46499
paranoidandroid/android_frameworks_base,3f3913550c10792edb8aecf66cc83c3db5c8b311;7bdb096289d10983f6fe711ecd598e350c9a9587;7c12eee6439435d7f29d49cab76edaedbd809460;8068618ebed021c445db0919843cdb6b9b9e35b5;ed7e00729f78d11107f0e9a7f0559dfe4be6b560
seleniumhq/selenium,6c20e8f868d8575dcfb63bb95271c9d9ebdfe466
sculptor/sculptor,65729789fc26b738aa2dc84fb547de00c8e23251
apache/tomee,4cfe91bba7b22d5d00cbc7b60448c24a81f9164a
slimeknights/tinkersconstruct,bb70b06b98d536c579e3182f448e1165267f5f63
mybatis/mybatis-3,98044678f542a4c3909dc5759d8d5bacc917df03;4d7ba34b05567c6dfb32c9aa503e96dcd137512c
zfdang/asm-android-client-for-newsmth,a83c1eb05d5b493cb6035c1f3fb42bf867841082
yegor256/rultor,6de8944abfe0d82dbe9400190321b03e0aac11e6
btrplace/scheduler,cf92dcd3f5773e6e1f301c9f7857312ca7320359
apache/commons-configuration,1b7dc86bc021caa391e578a81e99b089b30c341b;f58927e67ac66249ea160012366986a7942c81e1
ccavanaugh/jgnash,3962a43ad05bed779eefb8a37cabe0d725887186;798d03545f096e4839ec17e04cfbb91d43fe0cb5
splicemachine/spliceengine,516e296548c6ece0add7a4a6719fcb75613ee118
mine-and-blade-admin/battlegear2,61dfa235540c5753409f8470e297c3a9fb4ceac1
learnlib/automatalib,8d9bf32a2160eac9632d5af89b408fcd71d25fea
dcache/dcache,f1e1006fe113e07372f84c0e7792ace072aa06b2;549f905a88ecbf90bbd86656d7107be81e1333f8;a1ea2d459ff24707cfcb707a5892f5310d90bcc9;ab82cacff86dc1999d15231be3725a5e90076cf0
caleydo/caleydo,7fa63c9fffaa6e4d33f4c01996eabfcc8f7d1bc3
gwtproject/gwt,79579e2e2a90f340dfe63fa46981a08464580436
stratosphere/stratosphere,9d39e961c9dcb7cbbd76c0b3f059379af82d8961
threadly/threadly,2085bcc023b20be19689d5f9da6e80a4dd21a267
ripe-ncc/whois,4b1af6637ac7e0ad4f3e74bafc2ae251cad3993b
cyanogenmod/android_frameworks_base,3f3913550c10792edb8aecf66cc83c3db5c8b311;7bdb096289d10983f6fe711ecd598e350c9a9587;7c12eee6439435d7f29d49cab76edaedbd809460;8068618ebed021c445db0919843cdb6b9b9e35b5;f83464ed0a1c9215f4100fa018061710ed722ef5;ed7e00729f78d11107f0e9a7f0559dfe4be6b560
jclouds/jclouds,c967235ecd0897078a3363d86bb2da24b0daaca2
consulo/consulo,ce602d53a66e53a15047cf463cbb4167e2cf51a0;372b7db73fb19b30647b7308e0211eae2545b6b5;a6fd1fd8b9765c7e7b69dcceb72c7c317cb4d027;46f30bbeb589528b7d56dafc5bca047216ca3c1a
j-easy/easy-random,1114d653c4368fbb441a13dd3119c3a27ea69f1a;362be5100794b49590faf567bc5aac90de397985;95690ab038c779073b72e2f4b00c6c479967e77f;c4da487ee8ffd3af91cb43bc58c87a421883bfb9
scifio/scifio,80bb45a0919ae550f2fe65e8dc4f6066aa5ee953;b477bc4912441e3842776fc633fbaaeb2a085bb7;0e039b1f9e90a754f74289bad7f4790d8cbac499
stripesframework/stripes,5ffff5abe782ebe922455c22823ee21d34595c15;45b65c7545c4e22816123836f17d1e6c89271267
apache/logging-log4j2,e3c418d1cde1b10c2309f37da37ec5f062907334;cc51d56f5fab12c2f9ab1718efeec6f68b003183;f882b66ff39920a198a7d8dfa82fb1eef7fd5ec6;3d5e21dbc7062cac1f45c257335c6abcdd9f961a;906f5109f7b27ed1b5403297c29e3a5296aa063d;551ae399a1cb468cc662d64bf38434a4fe781f08
codefollower/cassandra-research,9c5274b4cd0448af42cb3da8dc6d9a4422355a06
mozilla/mozstumbler,1d3bb0e23c19b9c7ab138613daaf71eda49a7aa2
captain-chaos/worldpainter,4b865862a394d2ce7e2dd7e381d857eeb438a79a
saros-project/saros,690dbaa1116b8d0edc68cba4ac573197a9d2551d
apache/commons-pool,9d92f15b4384333a6ac826ff83453e0aa0faf405
bumptech/glide,aab4fa3b0c3d9cc7677619dc504ef58bb4ea25fd
apache/commons-jexl,863d4dd2496c46c861be85baca508b3316f25fcf
apache/commons-ognl,b896b768d09dec29d82a1c1ecb1139cb190df0f3
apache/commons-imaging,728592d42cd4d1df607c925618a601e6ee2320b9;860ee5bc33a7a6f6a9b4839eac3742e0f81b0050
apache/commons-email,be4cb6f523ae20d015d21e39b2e7470776475c60
apache/commons-dbutils,0eb51d43e8d9b7b8ba9d83acf37fd79781a338d9
apache/commons-bcel,08a313c0b79865297952b6714eaaf9a316983b73;35f3d7860e5ce7fd6882e67f5778f9bdc2e036f2;4e5854135e71bbcc369e0c15a12db143272a4919;827c7864d73605af968aa8fc8fcc69b5486a8ca9;29d7a908fd37c6f40889c35eceef98f8d9195ca4;c419142ae7da2ee5907f961b132d42ab838fb3c3
apache/commons-vfs,04bffa014d7473d62b972a4376748f4381c782fa;9e503382c0b4ad20d2962a080591646383342dab;929d2a902e6d7a370231d94821decec39b669b31
hazelcast/hazelcast-simulator,89e92faa0e1d0c5cae63838e1d161e7c640458eb;d6baf59b671ba0f9fa759078b10ed1f438d7f3b3;ab673484e37b3ef9d9a2f02ce5799d3e92937575
i2p/i2p.android.base,312534b635e5df2f5ac728aa5bdf24b4465eb318
bilibili/danmakuflamemaster,6e125ae5f1dec6f98f1d5f06690802c31f516577;a5d4187d08b9e62720c7028f11a85b2f93f7d5ae
checkstyle/checkstyle,3828fb1efece4f88445cfdf70b27e90abd0c3ef7;7a1b0b12a6caa0e8ccf6a7a0cc44046e7f93e339;7284e8aa425ef5ed01838e99fd228609ce3e1208;b2a80ceca30df26e628d6f343dbc49d7b6481409;795968d20ed78e558a95fdd35702366327a4bdc1;bd4ec9a98edaced73f14c5422f64c39fad3ce596
corfudb/corfudb,24255437caf7e413d93a97b858559d2cfc0fb669;55c8ef0b1abdcb45bcf4a2a9b1da7f0c226cb18a;cc929070ef878efde77e71934232066ccfdf769e
torakiki/pdfsam,d7934aad985c1c3ae889321fe353790b9a425250
adoptopenjdk/jitwatch,b938e3fbabd1177d8454e6bb235fcd8d3fe73c2e
novoda/spikes,32669138c16b3b868ad0fd0e752716f0c5f10f05;246ec115cf0235d713fd0f150f23f5daf17b86d8
devskiller/jfairy,bf2e7c47bfb082e491773ee2e60bd7d53e080783
multibit-legacy/multibit-hd,b5a6a13ce9c3e43f1a6fdcc65455ea685962012b
bmwcarit/joynr,ff304e09a3947c784cccc00dc46deba5d7b1346d
omnirom/android_frameworks_base,733978be4c89b81e59d4562e86576760037cac70;f5f290cce9df2e3532d0be5403b98621b53a8cc9;fcea0ec0195c93798572101ea9ce70081a4f174c;3f3913550c10792edb8aecf66cc83c3db5c8b311;7bdb096289d10983f6fe711ecd598e350c9a9587;7c12eee6439435d7f29d49cab76edaedbd809460;2ecbe69ddd4fc93e83c2810ab88abb03e4f9f718;7a32fba76a15d356d929b35db516fcf3f136defb;8068618ebed021c445db0919843cdb6b9b9e35b5;f83464ed0a1c9215f4100fa018061710ed722ef5;ed7e00729f78d11107f0e9a7f0559dfe4be6b560
jcabi/jcabi-github,acfcf5fa60f28077d0391fcd10d47f95f3610343
mapzen/open,1444d24171619c502a9e41d01f40ac33f375f69a
cflint/cflint,60becf8c2d14b9d850f1b79bbca31c8de06ed0a0
apache/uima-uimaj,d15fdac5175190df735ac53106f5606eb564ce0a
twosigma/beakerx,728d7a83b73c2dcbfd91a61c68370a0a780f709b;9bf5095405b57bcad27ec033f278c39cc83475da
tlaukkan/zigbee4java,dbdc89c59f6dfe984f6f630f2131797138d25f43;d71c400ab6a37911cbe7fd86d5187c1c8208f561;90a0ff8dddc077c42df1be93ee520648bbde3ea3
eclipse/kura,30220ac943473d136669df2e09db072c71671de3;07e2106f88d3cd85e6f8547bcd240bc71ad680f2;e0aa32f31a07e78ffbc47531881d664a75feaa3b
cache2k/cache2k,d51d2812a4d0b296aeb5ae66203185c9e70547f1
jenetics/jenetics,37dc29e0ae07aa53fbbebf88e5595379f83983f5
evolveum/midpoint,5ceb8a8021132598cccb03b170bc011bdf70a18f
apache/jclouds,c967235ecd0897078a3363d86bb2da24b0daaca2
hcoles/pitest,778c487f924db888971bd09f87aa338acb77c767;b81916339dea7ae636565f089e6e35f178f800d2
eclipse-archived/smarthome,cf01b8669aabaee764983b1d79fe4abf42ec7f95
extjwnl/extjwnl,5d91efbed07da2121127ddcd77286477622badae
sdbg/sdbg,68b0c00a0be7f0c283c402c2c1ca9f3ac7249d8b;840111dea4ee6dd08261d4bcc6d5ce9a3c4ef48b;e022ab49a8822e8efcbcc6edebd107122ba02c27;553e7793d5ffa6ef202092fb98082defbb8e443f;d7235ebd7128d1d95228aaf5b6317accb600b4a4;c535f5ee94c89ab51a0bd8263cab7a4f54f36248;c03ec868429fb2e48cf44c9e531089259e9cab32
magarena/magarena,7fe0ffe971fd4e7df5e009c5dd35fdf3e867a1f6;898f987b55a027817eb07f3d83da862ee186a4a7;2d82e01dd40c57aeefb881dc2b9e570da9e44fab;d4a3cf84009d38d64ae6213299f9d6cd1649f9da;df41b79bf370f2e145546be48b7364a02354ebcc;5135ce9b19e7dc828b31b1ad925467f04ce2fecb;56c5df0f968d7560f34875b2fe791d64e4c68243
opendaylight/controller,194ee2fde243c264e32477b8d8ec9676dbfecaaa
opendaylight/yangtools,8811833b6078ef4d63d7c29ed94b8a946ab4cbb5
opendaylight/openflowplugin,4194f3c2e51f2c0985d1b8387acd8d8dd56a8163
hyperic/hq,f296c2ef8aa6475cef475cf50b608443a4614693
stratio/stratio-cassandra,9c5274b4cd0448af42cb3da8dc6d9a4422355a06
real-logic/aeron,2ffcfd2c63a6838beeddccbaaf0eaaeeb0200465;8691aab90dc777fba7fb99518eeb2fb6e6575626;2aa74b5dd6c2a33d9ec19b34d5aaabbd779c9027;2c4c59e68e385eaf595dd260725ddb7ee21c0c41;beda1c93701a47f5ffde3e2b4609f24e2691e14f;26ae15c8c713639eb5b26ed9a8ba76d8f44788ed;a9679663fd06bc30d8e088b5de48b428c602e553;a4d70d9b0d0e472f79e4a499e189ebb56dd10771
p3pp3rf1y/ancientwarfare2,ec8f7a206d61f563386ae2f2c608cb2b9db5da14
resurrectionremix/android_frameworks_base,3f3913550c10792edb8aecf66cc83c3db5c8b311;7bdb096289d10983f6fe711ecd598e350c9a9587;7c12eee6439435d7f29d49cab76edaedbd809460;2ecbe69ddd4fc93e83c2810ab88abb03e4f9f718;7a32fba76a15d356d929b35db516fcf3f136defb;8068618ebed021c445db0919843cdb6b9b9e35b5;f83464ed0a1c9215f4100fa018061710ed722ef5;ed7e00729f78d11107f0e9a7f0559dfe4be6b560
rhq-project/rhq,8cf10dd720219a5b1a03e825eae5ca2ccd978a5f;13e821f0b60a26e6a4ea55cd8bacd523968d90f6;ac43c7cb5873e56349f0700cdf9407c11d61ebb3
hpi-information-systems/metanome,f2401625cf6c51230cf127e616a20a05b12b1f92
codenjoyme/codenjoy,a8209c03310a842b1c12830d3efa75ff8591bb9a;e7a9fa8d346b0db3d1a6b824e180bd399374fdba
openpreserve/jhove,80c382ce150645aab725e5f74bd0b6c10cf66fde
jabref/jabref,7e757af78a28e586ab4683d44d147408c2dbbb2b;22d135d2cd1866be858b0c947ba6f7336ec9eb7f;b8d8f89b4017b371ee33593a98c12da575fb7260
polyglot-compiler/polyglot,b85fae47eaa88f38141ff9470e8f54de67d586e1
apache/tajo,7615b7576d2d40758f55cae3f4ea3346322cef0f
broadinstitute/picard,51ddca5e9c7706d77f30811ccf8aa699b0cc277f
cglib/cglib,b8be2c804a829e9bd638178c967b585fb8721a9f
apache/archiva,978ab1446b07ede86c1f4e5dbc277e9b476a4c3e
google/closure-compiler,711e14a190dc794304f3fe41fa05774a3935a780
teammates/teammates,880dbfaf900e4c35f7aba3884370e0887923b025;49bea442067302441e41c5416efe6b8333614666;9ecef56c5f46cf199e2166dad7c0d6695e98ca80;54042a75d47df6fe2502460bf5334b3657aa5e47;3d37001c342a188df441b4b7b6ac2a8b587f6464;7c4f38d02f3d3cc3a45e6b946174e3957dfc8db3;fcbd081c39f3169c08b1c78d2b058a5dacab4e17;a7bc6140b899d07741384312cf2db1f2a696b3d8;1b0b0994ed21120d83ac630b5ab2648f6b876c21;8a57df33fd46774644c9d6cdae3ee84c71ab9ecb;d2e1c33963f8f1ee511b27819192e9fcdd41d90c
apache/incubator-brooklyn,54da76e5936df1a07a5946a5cfb1f36f1f94e576;7da55ffc7a849112627f94cd3610eaea2215cebc
mastodon-sc/mastodon,cb32d833ab54b1c01d938943675b0ef741575ebd
hortonworks/cloudbreak,ef1b3dd757a8e34c4645af2280d048ca69caecbe
ethereum/ethereumj,145d373112fade324a726b218e2c354a197a84c0;e744a5b7185d4f86f666f11eec85c3984cb72c72;6a257fb630ce762543ca54dfebb2300dc509e87d
apache/ant,0b6d093f4671a0d477048bcfffbf55d3b7ac3bbc;162782c49180fb3f7dd2be97d5adfacaf8a57529
apache/ant-ivy,bc8ed855dbb9aff24448c39b2b3a7d92b7592f4d
google/guava,d2dad01718097b54703159bd703ddaf43479b1d3
apache/flink,6c4c6c89fcd66d87a89414f0b6bb2a1d308e13a4;9d39e961c9dcb7cbbd76c0b3f059379af82d8961;e6a318c420aceecfa86810db4c280fcb6bcd5a8b;29abccd4cb7d4905fa168f8d7b68a113e9640fca;f0ac261add2eb184358d5b89bc90b13aef7b267d
apache/parquet-mr,90f027efe123343a663e51e12d485ef7b302b093
swift-lang/swift-t,d4dfb2a5f8fb43a5c66d6686a3cebc8c1488545f
bazelbuild/bazel,ac880418885061d1039ad6b3d8c28949782e02d6;5ba8257de0be6176c001b28246f225983f454f90;222b03cd7562e8c44f07e6decd900a4d52b4f95f;e219a24a30960ab5c686dd09197b5e22626e1fe0
google/exoplayer,e690979d92e05e90ed8971e9bf733a7ec97e5245;a1ab1fc2a2b7562f699d5af6a89e78ad8fae74e7
oyachai/hearthsim,f01e51d847001da07b4cdf4acc24cc37b89786f0
f-droid/fdroidclient,1f607d3e6dee9ffa82624d10d7d3413a7ead4c6d;81f725f9f84c368cf2c2c023157a22f2f7769e6b
iluwatar/java-design-patterns,d0af12b1ee59e261b4368d28c101169a2305e943
cs-si/orekit,d7760ce59dbfdacf6aab58c945a588eed66f3227
travel-cloud/cheddar,3d2679705f8675bdd1d4c8eb827b2a1d23a5502d
appliedenergistics/applied-energistics-2,fbaff342e4540fa2b778434c6a511d5682fda52d
prmr/jetuml,c7e6173f59c9afe651a0698f5d46320ccc7fae5c
greenaddress/greenbits,37b28b28c677189390963210c3aa6ddebf87bdfd
wordpress-mobile/wordpress-editor-android,c3e75075e0cfa72c75ae98354d8c8258d8cfeea7
embulk/embulk-output-jdbc,81be1fd0af3b8726b6f12400f10d24190a267d6f
facebook/fresco,825c6126d521a24c24e70acf5168ba3ddb69c25a
raydac/zxpoly,34725003ddc7c17d971c93893050d92df6659831
gerrit-review/gerrit,4eebb97ace764b67a69c358f150a306f175e65a2;c4ced8910f45d9bf7ad4d3044278dc6343c3d156;92a1fa89f247ceed3ec88a040d15e442a3f67670
hushnymous/android_frameworks_base,3f3913550c10792edb8aecf66cc83c3db5c8b311;7bdb096289d10983f6fe711ecd598e350c9a9587;7c12eee6439435d7f29d49cab76edaedbd809460;8068618ebed021c445db0919843cdb6b9b9e35b5;ed7e00729f78d11107f0e9a7f0559dfe4be6b560
marcuswolschon/osmeditor4android,e6d0ddb985b3928375b5737d72795c3fd7b34b01
jtulach/bck2brwsr,dda82f7477219c983f6bb44964db8ec4ef8bc9ee
apache/zeppelin,4976fcd3797e8dd0b94c231347b2fa54ccd177fe
jaytaylor/sql-layer,ff241a090407691c8e744bd6c7fe2e649c7105f2
googlecloudplatform/java-docs-samples,3cf8b9a50295823c29da7cc9312f843cdf05732b
cyclopsmc/integrateddynamics,47e3b4f36838fcacf0bcbb9a8dcf5e95a35c395a
egovernments/egov-smartcity-suite,14467fc48fba1c6194b2b4bef93152ac12ca0f80
blood-asp/gt5-unofficial,3531fb264fe46af2168340d4a38528dc116a2ce3
vaadin/flow,7e465de500430c17dd44deaa667c9218e5af77f2
randoop/randoop,f2345c698de28369cc7a424201bb9214dd083072
novoda/download-manager,f2aaf39726ecf12993bd1789b97dd8f640177da9
smarr/somns,786311e5fa50afc28e9632a5cf45cb1677a9556f
dkpro/dkpro-core,b3ffabaf1f4fd17addf49e433b4ad382f493fe47;7d0ddde1071e6b4c09518a5e199cf95176deb21b
agateau/pixelwheels,b835d8dd23c242fe705b84db838b1d705649dd1c
tracecompass/tracecompass,16cd5317b104f551ae13941b231e682ea455e1b1;71535b53ea497bfe05fbf5dfc40c004d2b45bdc3
lets-blade/blade,57f3a8eadcdd34cb1ec6c0e8279d972f238c780f;c7d681a8eaebbd04f3854ec64ad8844c0479395b
glucosio/glucosio-android,21116d46123ebd260be90db230d815b7c82d1d95
khuxtable/seaglass,9b8789469f3dab217245ca5b96ce02bb35be4314
triplea-game/triplea,9a5de249c4e109318ba7e34cef6cb9cf6c17975e
matsim-org/matsim-libs,bf68069e7e1c94e77ff9fb17199c22d0325f9498;d0f1e837e7bf657f26c43fd9121be508babe699b
arianne/stendhal,b0a6f9a1b6af05b872783afa56ae8e043f7277b3;dba950628b678a00ade9d07212198b9f72cd51d0;d4995acc517dc4b9b64b141cc28ddc20f8e64144;8cb7097eba3d2d69e2926f5aa2a1d775f381a21c
getodk/collect,715daea99a62271b1979f9d0e3bba9c9506f113c;14b5521be9d41dbc69112e297cd0f9b8832d2501
megamek/megamek,9df1fd60c04435a0c8911ec15967b9b20b2cba5f;6c91259344c80ccd5efdd6cf595c50256a1b12ad;950dfe606af02a46679dffa5fdbcd986a67d2053;3b3ab1f3a80bf47a58bf813d7571a17c48ca416f
strapdata/elassandra,7192c4630772fc205ca005648adf9667dbd48d17
mars-sim/mars-sim,2c44ed80539b377231a54a4f21c5d9256cf4848a;e32692e9584f8cbfa6585a79c6013352df40bdd3
jikesrvm/jikesrvm,ea754d8dde0c52e2314f5b98407e6dd88fd2cd5a
beanshell/beanshell,60362bfdc2f17c31cafa578206f7967415f74675
pedrovgs/androidgameboyemulator,58e964365b9e6cc8f23476c85d24230faa2b7a12
zalando/nakadi,c140b6f54ec1113fdf86f8f76a4710f506dcc637
nokia/red,a8f5e9e1a6e3d771bd5384d9936bc53806ecb8d1
dbeaver/dbeaver,a93b0059e4f4a34f3c3a2828650b5653ed7721f0
gzu-liyujiang/androidpicker,facb01b521d0e685b6a42e53bf49f0b665e3c50f;6b5242bdef523d22703a1bdbcd1912deea5c0d85
conveyal/r5,e2709d65e3cdc73a18363f05919d3bbcb0b9a0f5
aicis/fresco,080874fbbaeee8a79efa1769b9ee267ac9254d06;9341d0e7b987f2a80a63bbbff04132723f1bfea4
mightypirates/tis-3d,f12bf19cc2ad0bba21b3b5cf74503f440cb9376e
finos/waltz,532a4e338e6b42f2893f2761c506ebfd39f09357;d511a32edb49f615963ba75d47afd7ac04ce2830
gerritcodereview/gerrit,d1cb918d3b11f6e32f32d9994e6cbe92cb604d7d;368547f70fb8cd211cc7f995a802dbe077e25cba;c4ced8910f45d9bf7ad4d3044278dc6343c3d156;4ee9719e979d2e765599e3ce79cd4a5c8553563d;92a1fa89f247ceed3ec88a040d15e442a3f67670;cc5470280c1e2aa9ae58c73de3ae927b91d5215a
feixiao/designpattern,d0af12b1ee59e261b4368d28c101169a2305e943
mesosphere-backup/hdfs-deprecated,17f538ae7b59b2800b152a619f6dcf888d488c00
smartisantech/android_frameworks_base,3f3913550c10792edb8aecf66cc83c3db5c8b311;7bdb096289d10983f6fe711ecd598e350c9a9587;7c12eee6439435d7f29d49cab76edaedbd809460;8068618ebed021c445db0919843cdb6b9b9e35b5;ed7e00729f78d11107f0e9a7f0559dfe4be6b560
natar-io/papart,3aeacd75eb97f36304fd399d119517cd1471a021
timusus/shuttle,cfe401a21b38f4a6eeb7e48e62e21ab790c2b32e
iyzico/iyzipay-java,8d66c6dd3e7dec6c02ce83ee98ed70a490ca1133
rohanpadhye/jqf,b82f07e6cb855f85c7b0f7a92b3e39ba62f415e1
mmarquee/ui-automation,1c79cae34b0c41e64476b400076a4432bdab5427
wolfsblvt/blossomspokemongomanager,b4d53dfc401fdfa568f42b366cf1732c302565e1;9dd88f26bfe3f9a3570a998431287bd96b5d3a9b
tls-attacker/tls-attacker,5cfa8478c0d3838a311f84cebab56ba5fcb1c2b4
kalaspuffar/secure-quick-reliable-login,5f9b97c16bc1bdda3848ac680a81c75aa0c9759d
tencent/tencentkona-8,de00cc778caa2f8777ab5a64b2827c1d1bee7b33
sukritishah15/ds-algo-point,018ade539edc16ae0131bad9b254b5c8901ecfc9;acc3bef2b50e85b769afecd0659297d6f6c4ab98
nuls-io/nuls-v2,276121078be88e7ea0ad37815f6584a9de6f0716;167c480dac8b9d5df408b1f4949be014682eb186;46831008c0b8986325d441f0885df3812aca45b9;5f2edabeb9771b100336fd89d6cf240bd5ba77e1
software-jessies-org/jessies,0a7b4a7b94fcde3f30d5f7222c217bf60d65d2e4;d7ae39d6ebdb2c01300925de3e829324d41879dd;fcdfe7ccf33a9c67319622a91305d1710de0fefc;f0bb4c414cab09347e391cbed43071c9ad9e603e;73788ca21bf6d62818ffb92905ead3cd222d3b1c;99449b5888d7c24ccbb95b72f5867e029ddf1ee1;3cd3a069253d782b46c1d5dad6192847f7a400a7
tsaglam/carcassonne,98c77f8d5be507bec36d6fb36cc83309d6431cd0
nkonev/r2dbc-migrate,73a936b5836d8593895afcc247763038bccd4d6e
smartreceipts/smartreceiptslibrary,50bdcd314721c3ce1d9a7649b726fccb642d7179
osmlab/atlas,13ce26162ac250c931e8956e48db297838e80dd4
amzn/exoplayer-amazon-port,e690979d92e05e90ed8971e9bf733a7ec97e5245;a1ab1fc2a2b7562f699d5af6a89e78ad8fae74e7
sosy-lab/java-smt,8d49668664e52a3448975c1e596908bbc41a253d
apdevteam/movecraft,cb00e4beeda7ed5fe6540e8fc31330a9a002995c;7ed5025565b0b7890b27f9c68d0c08d335ebe05b
drewnoakes/metadata-extractor,d1454f065ea3fae19f39afe89b729f8a7bad2f68
m2049r/xmrwallet,776cc263775f46456bee820dade69a33a4fd529e
pcgen/pcgen,dad3b065a847173a986f2653d94294e28e894c8c
spotify/styx,294271726586a6c20806ef0ca6d274d1125cf80c;a26c84098a23af25c7ffebdf3ebe33c555c95fae
argouml-tigris-org/argouml,aa4e799045c06c336406a26c0de60a259b2846a1;03d031e6c0ff66b1a0cdc865d57a7e6f47ebaf8e
salesforce/dockerfile-image-update,5a5992223d90bafb4d734da8bc33c11e78f1a3e1
rammelkast/anticheatreloaded,540cc30151337684857095d5f46cf8cd4f17d73f
unidata/tds,359c5967b9f1ea015217e3fa247795704c3b137a
linlinjava/litemall,7b90484d81695405e4b6f29d51f7dedfc9be6441
repeats/repeat,1dc5c6f49f779315151b0534655896f06b91c6d5
daviscook477/basemod,6c0c03d4d8c0272597036d050f6e40dac98f2aa8;0fd1e201811cd68d61da2939c60f18d85bc40328
jenkinsci/analysis-model,85cc0173180efd6e5c661161f8e79e5e9886d0ef
corretto/corretto-8,de00cc778caa2f8777ab5a64b2827c1d1bee7b33
airbnb/lottie-android,dbad2cf93136a3456d72c33e19c7ddf83afe7e2a
uscdatascience/sparkler,fb30465e370ae0be864e70172f78fde56d7636a6
webankpartners/wecube-platform,5ffd6b60d8c0657417b429593de1f7edcf260aea
nyrds/remixed-dungeon,5d2f0396a3f2075796eef5bc51802f9f9cf9d0fb;238585adb7e757c407fe93408853f1bf0f0886db
openhab/org.openhab.binding.zigbee,8a634be392d545586d65123b139dc0f21950b161;dd4d4cd456c40431eabdc61da38ee98f0253d6db
nextcloud/android-library,32fa627d271d44be93ceafcac785d1663dab1cfa;66aa6035a766b17407cf7af4a234a4094da5766a
neow3j/neow3j,3831a58a7161af8edbf3afad674b873c6afcabc3;672de0efe2f8d963118d50a52d032e2355d3aaa7;668810328e6759df08ad2ac47f62ba8acfac11e4;43e4a2199991a7e9f0d10ac16b8e1a1f7d4cf5f1;1ab033aea2b45acf0dd0c041b0a10a06f97e1207;17852defa5fd0aca4f86201477caeaa2b5a60f47;1432f4df2ddbb012da4df6dc277575513e686011
snikket-im/snikket-android,ea61142d7e5c2059913b767f96ebee5053cdb4f7;03ca971e2e6a816d1a64123633b2e1ec7d087323
netflix/hollow,f9873ee423f3c314bcdb79d8cf5513dc4e2602d6
gurkenlabs/litiengine,5c20ffa6d30467da5763fd650ab32ad39cee34cf
teamtwilight/twilightforest,a2db7689c876f92e4085a8b226e70adaf5882400
adoptopenjdk/openjdk-jdk8u,01b3976988b6a50d25f936810c679833dd7493a6
openidentityplatform/opendj,2fed2581689ab6fea6ef25578b7a6931974afaa0;46d992783834f9d3ab703df35cbe63e9e8d53fe6
nsacyber/hirs,4cf08ef38a2df9f286835cfe035ad647567aa0c3
openjdk/amber,de00cc778caa2f8777ab5a64b2827c1d1bee7b33;6504983459c6a85b328efd9a245d1a5eb8d50771;a3f3f797b5b88ec7ba2e24ac43564c99c4c2f934;6d2dd6f4837550915405e2bb94cea9a0c407bf72
pgcodekeeper/pgcodekeeper,da0262d5730f1eea34260400444f9a0f1dd15ffd
teamchocoquest/chocolatequestrepoured,953104977bfca598ac839a4b74f077d4fa6b7443
jflamy/owlcms4,53276832d958b8807811e0cb040fc1ede0f2f42b
yegor256/cactoos,258af345f47b3c0b4d784ce0c47be99599b7ebf8
jenkinsci/warnings-ng-plugin,0455b1e8ab6fcaa02e5ab1c58344972bee645eef
oracle/weblogic-kubernetes-operator,c9ef9ba9cda3922b0c6ae02133113f0396accff8
valkyrienskies/valkyrien-skies,d7efd36a7800e810ffb6fbbb14390b25433ff943
powsybl/powsybl-core,68f3298b0cf4f8f937922a4101a8c7eb9d9259e1
activiti/activiti-cloud,f019917ba1e1bceea8ae61bc7e6fe088e0cdcbb3
openjdk/shenandoah,de00cc778caa2f8777ab5a64b2827c1d1bee7b33;6504983459c6a85b328efd9a245d1a5eb8d50771;a3f3f797b5b88ec7ba2e24ac43564c99c4c2f934;6d2dd6f4837550915405e2bb94cea9a0c407bf72
jmonkeyengine/jmonkeyengine,76fcc2c497e61829c416e55bc9738f4cd71265c0;85e284a7b00afef820e962445dffd54f37c6edc8;f00c13dfbacb1f6e56163e17baa059b4d1d8050d
linbit/linstor-server,d7dc3f6d264020e0189afa5c0107b83a328b2feb
constellation-app/constellation,06d0ed815db1b4b909deabac10bd944a6019f4ad
openjdk/mobile,de00cc778caa2f8777ab5a64b2827c1d1bee7b33;6504983459c6a85b328efd9a245d1a5eb8d50771;a3f3f797b5b88ec7ba2e24ac43564c99c4c2f934;6d2dd6f4837550915405e2bb94cea9a0c407bf72
grapheneos/platform_frameworks_base,733978be4c89b81e59d4562e86576760037cac70;f5f290cce9df2e3532d0be5403b98621b53a8cc9;fcea0ec0195c93798572101ea9ce70081a4f174c;3f3913550c10792edb8aecf66cc83c3db5c8b311;7bdb096289d10983f6fe711ecd598e350c9a9587;7c12eee6439435d7f29d49cab76edaedbd809460;2ecbe69ddd4fc93e83c2810ab88abb03e4f9f718;7a32fba76a15d356d929b35db516fcf3f136defb;8068618ebed021c445db0919843cdb6b9b9e35b5;f83464ed0a1c9215f4100fa018061710ed722ef5;ed7e00729f78d11107f0e9a7f0559dfe4be6b560
apache/rocketmq,bf1131113596582b76d0e3172c2de544a54cf2c7;b6307dfce1c201877f7a27691cad74b842c0d971
genymobile/gnirehtet,4193a9ce9098d706dd6fabe0d33d16c720c30982
igniterealtime/openfire,28972842d1d4147e018959d790dd1e9d22a540c7
ripmeapp/ripme,abeb0b098466b70d8b5eaf1fb03339967f5027b6;368646145d31b8e6d6647965e93c955c83b29e69;7674eb570e2e55551e552855479023dc15bc1951;316a07cf7794ef58958f790c6cbb1d9d65659a92
belaban/jgroups,34f2d9e2276acad777617d631859777644e63d3e;7fc3b7fb5d9268c295a5f01bf8934b291ae7d962;c0c8746e2c2e99047225b479a0509c56f67ece8d;0b185ad94d600fc3bef01550199679ce80dc6e6c;373fb2924c360bfb61c59faa0d30a609a9bdd2ea;e85192cc993e7f5c00de8013df4a173f0699627a;9aada0b2ba30f510303a4f18d4acc947846d5aff;ec941ffb729da2d5ca566fa3b89ee07a9839e40b;ed859d162091c34786951910acc00263a89acc30;4bc4618302f939cb82ccb0f3ede2a4e285f1e89c
lessthanoptimal/boofcv,cb12a2c0bfcc9fcf73ca5e115750e1ce29f99880
netflix/spectator,4a0c5f9c96703be3c48e4bc3e50efffbb6730a4e
opennms/opennms,10a43eece0febd4789ee5f41bd383c0b280b6d97;2e6c714d48254ffe739d819d51c18f21f7ad0d2e
jellyfin/jellyfin-androidtv,a481410d6ea8357749dc4e318340b53cff5d4692;8845429e9f6a7fa7c1e4d4245c10cf49d5dfc47d
sap/sapmachine,e4d1c733ead4b76863003cfff99ea2284f9074d3;de00cc778caa2f8777ab5a64b2827c1d1bee7b33;fa8987214de389158e5a30bad43d1225c9d6e8c4;6504983459c6a85b328efd9a245d1a5eb8d50771;6b6370e61212ea372f55f632094e58a9d7e98bfe;a3f3f797b5b88ec7ba2e24ac43564c99c4c2f934;d27baa7bb00e207d58e415892b8295fbe41c0156;6d2dd6f4837550915405e2bb94cea9a0c407bf72
opencast/opencast,f8c8b5f6956f62089f678c801ffadfeef2636550;072cfd652a139a3eedc7bc5d837bfb32e49ba311;2615a9dd8df5b825251fd94ba15573c4c22b50a4
eclab/edisyn,345ff1ebf2eb49b8b3a30ed075d904a006bd83bb;49c81bf78d03472c9dbcab50e5ac97f015606d44
aospa/android_frameworks_base,733978be4c89b81e59d4562e86576760037cac70;f5f290cce9df2e3532d0be5403b98621b53a8cc9;fcea0ec0195c93798572101ea9ce70081a4f174c;3f3913550c10792edb8aecf66cc83c3db5c8b311;7bdb096289d10983f6fe711ecd598e350c9a9587;7c12eee6439435d7f29d49cab76edaedbd809460;2ecbe69ddd4fc93e83c2810ab88abb03e4f9f718;7a32fba76a15d356d929b35db516fcf3f136defb;8068618ebed021c445db0919843cdb6b9b9e35b5;f83464ed0a1c9215f4100fa018061710ed722ef5;ed7e00729f78d11107f0e9a7f0559dfe4be6b560
squirreljme/squirreljme,6e42d62cf2200a3db0058cf85aeb6efae73f4f7c;909b92fd4ad97ebc49e92b271656cd6685876530;d5a09e50a840c7c75e216a9299ed7e8720f0c13c;1423df800da5510a1ec8fff6984fbd90f92ca863;59a92d41495f1b72bd79ada09f6d640c4649f0c4;3a33a1e15a02819b23e9cdedcbac8bb1e8451aa9;10f22714809767caf39c5adc156ec1b4fed78100;fb9a79e2d24cfec6bf9b65f87ce0b25f66b1720e;e9d2496b42f51ed2035eabeb74ca03a31dbcf0b4;75cea07001f32c0dc7761ef5e67069ea8c3d2d7f;40f2cd1586baf39f09762e507431dde5a3cd3cdb;07d894e4a6127a778d4d527aed9e3c20547b171b;4e6d15fa6b871a56fae6555608d91f1ec4c7f29c;85b697887d97f5db81769c0428817b93b261c47f;06433957963121a92e28cc2e569451565222e5a5;a4f5b28dcff3d30968a07ea279aa6d9f072b444c;752dbaf539bc97b3bc1e3405496ec3ff32c65e03;6c99e119ae95020e0acf7a730d1794e299a97989
crdroidandroid/android_frameworks_base,733978be4c89b81e59d4562e86576760037cac70;f5f290cce9df2e3532d0be5403b98621b53a8cc9;fcea0ec0195c93798572101ea9ce70081a4f174c;3f3913550c10792edb8aecf66cc83c3db5c8b311;7bdb096289d10983f6fe711ecd598e350c9a9587;7c12eee6439435d7f29d49cab76edaedbd809460;2ecbe69ddd4fc93e83c2810ab88abb03e4f9f718;7a32fba76a15d356d929b35db516fcf3f136defb;8068618ebed021c445db0919843cdb6b9b9e35b5;f83464ed0a1c9215f4100fa018061710ed722ef5;ed7e00729f78d11107f0e9a7f0559dfe4be6b560
tuomount/open-realms-of-stars,7616dbbbbf5b494d7631ee1947776ace3b35f080
apache/qpid-broker-j,d2d14727f5f65d1ed65eb7aece1931291996208b
defeatedcrow/heatandclimatemod,cdddb85119375dc6f207ee673ba1758d111d7abf
osmlab/atlas-checks,8a91eb33ba1e4a324e7c38036db363dfaf055788
corretto/corretto-jdk,de00cc778caa2f8777ab5a64b2827c1d1bee7b33;6504983459c6a85b328efd9a245d1a5eb8d50771;a3f3f797b5b88ec7ba2e24ac43564c99c4c2f934;6d2dd6f4837550915405e2bb94cea9a0c407bf72
fraunhoferisst/dataspaceconnector,5a197be2f7f4d27016e336a55e8938707539a66a
runelite/runelite,3f6212507df51590b888d69f5cd3da21da91039e
web3j/web3j,45665df4b19b8c417521da441c30a4ce7dc44b48
nextcloud/android,7b776c8aa759d58387afdcd31391d44134c4d160;ea099b54596ca9789351e5850f7ae32273aa47ed;f08b9f67b853c182dbfc0027b7c2d86a3b24178b;0d2c34dbdedd74d203c08f1b6551077b68bbb578;f4a2f734e4c6e8d1d78af89aa2059b27e9b0446a;63efedff6e8356066ac20330d969dc54d0571d4a;0d381c8233ae15a5da1dc1d0bc81541b0d1c12ff;ba0005d93094981aeeab32c2815ef5999171ea33
real-logic/agrona,7095a2c81f1e4a3076283c4d38f65edf4993b8c7;410d152ed2140ff5c0295809e7889c1d423f0614
doocs/leetcode,f639fceba7288461962d04e4ce9d0f4f21ea6179;998cecdfa229ecf34dcd531ac73445ec16eeb285;2f126aa6e2e61d99ea63c5dd3104e05caf4b8875;9c11938f3593f0b086d19ae784de4b0763937155;920c0c458a3dd46be44cec701a2767d119cd239a
spring-projects/spring-kafka,2f93abe1f3e582b42759df738ef2689c41b9d329
rsksmart/rskj,e8944fe370345609f211f379398effd0ab11fb73
corretto/corretto-11,de00cc778caa2f8777ab5a64b2827c1d1bee7b33;6504983459c6a85b328efd9a245d1a5eb8d50771;a3f3f797b5b88ec7ba2e24ac43564c99c4c2f934;6d2dd6f4837550915405e2bb94cea9a0c407bf72
beehive-lab/tornadovm,4fe2cd218d428841c672c56d5399e24e77e55042;c3eab0a0ba62011138946f04a5aa6f14f92d2231
aionnetwork/aion,6407321ab65361a39782d4a238123b78d9171f62;126a57cee9983ae65215c9ba9e877d893a506b3c
openidentityplatform/openam,16a53763235e34b0dbffadc1ab6e0f706d633e62
matrix-org/matrix-android-sdk,3b28f9f2f809e9877329f58b81042e21dc9aa848;a49d1d6ea499fa0c980082e111b1854ecd7d68c1;fb758533bd8b254e08e70b66a5fae28320d9a9dd
vaadin/platform,a3bbd120e576fb443fb731984a8c48ac27242102
lineageos/android_frameworks_base,733978be4c89b81e59d4562e86576760037cac70;f5f290cce9df2e3532d0be5403b98621b53a8cc9;fcea0ec0195c93798572101ea9ce70081a4f174c;3f3913550c10792edb8aecf66cc83c3db5c8b311;7bdb096289d10983f6fe711ecd598e350c9a9587;7c12eee6439435d7f29d49cab76edaedbd809460;2ecbe69ddd4fc93e83c2810ab88abb03e4f9f718;7a32fba76a15d356d929b35db516fcf3f136defb;8068618ebed021c445db0919843cdb6b9b9e35b5;f83464ed0a1c9215f4100fa018061710ed722ef5;ed7e00729f78d11107f0e9a7f0559dfe4be6b560
yahoo/fili,3c27484eff0eae289bd62e1a75efeebc0b90b65e
jetbrains/jetbrainsruntime,de00cc778caa2f8777ab5a64b2827c1d1bee7b33;6504983459c6a85b328efd9a245d1a5eb8d50771;a3f3f797b5b88ec7ba2e24ac43564c99c4c2f934;6d2dd6f4837550915405e2bb94cea9a0c407bf72
apicurio/apicurio-registry,e5ecd00b9e1911c6d6e923cdc850d1b15c17aab8
folio-org/okapi,b4c8d2c46765c881e57234ffd55a24fe3fcd9e95
activej/activej,911d1267c5dfdef7e2ae711c22799f19cde2c804
unidata/netcdf-java,359c5967b9f1ea015217e3fa247795704c3b137a
newrelic/newrelic-java-agent,ff374e97db2da5884bb1cff41738ea2b0a8a4c52
pixelexperience/frameworks_base,3f3913550c10792edb8aecf66cc83c3db5c8b311;7bdb096289d10983f6fe711ecd598e350c9a9587;7c12eee6439435d7f29d49cab76edaedbd809460;2ecbe69ddd4fc93e83c2810ab88abb03e4f9f718;7a32fba76a15d356d929b35db516fcf3f136defb;8068618ebed021c445db0919843cdb6b9b9e35b5;f83464ed0a1c9215f4100fa018061710ed722ef5;ed7e00729f78d11107f0e9a7f0559dfe4be6b560
apache/netbeans,2afd00c7ca1efff89dcdfe3185060d72a06aea7b
unicode-org/cldr,c066619a6e1389bb2f96b47d3fa943c7abea4480
neo4j/graph-data-science,4f8e9d06a05dd052bef4c3041fb1ebd195cef77d;6bac78e5d631d0bb4722c7e50c521b73f19d20f4;3757ef2a9cf7f79bda2111c1b8f3fd0754502dd5;142bbb9a61f9e9014d95a4a3cf4d96fb56b3e8bd
open-osrs/runelite,3f6212507df51590b888d69f5cd3da21da91039e
microsoft/applicationinsights-java,4e29a756de032d78e5cffc3c18bde0a3e03aee78
microsoft/azure-tools-for-java,19b04afdd78e139523ca12cfa7b926c7071a87aa
osgp/open-smart-grid-platform,926dfdd044f2563462b205c68b986c2d7ea48c7a;55065d129393b38515f5cdfb690df6c07b37dd86
openchrom/openchrom,d9ba93d186c0703bfa8e0640c92782857fa353e9;bca872ca19495638f73ec8a3a63dcc5c0e887839;234d01e15741b45b96ef4ce29d598afc0d465842;882c6372e915569bc37e6db21ec864aa22373e79;f463b8cffeafd92d32961e7d7e97fefa4528df75;9aa7d9adcdf03da5b481e6aa02fb709336424d3b;8029529d234ead69f4df91dda218c98d08a80663;0d7a11337de2cc81888944051dfb5f2f5f3c39e1;65bd2713954ef20df5b5e60db3f956d69793539e;61cf19e4a6f1908961207899167b2f90cb71975b;5c1d4f9ac450a683932d6e11dac77d829a132d29;e39d781d1163cb4abdbd43772f23f42b6848cf03;eeafe10561435f2f566a313fd81896bab0c3a075
apache/skywalking,9d7649d907ad934973575d30dd62343c6240a444
alibaba/nacos,08db47ce8435063f215345933dcba6d3cc11e775;1974cf01b30dad359d64248c40c6584bffa55738;704210e0c41a4cba2b849ced0b12192969fefffa;8d927c13412e43c6ae4dba8924d4924f73f04a3a
apache/pulsar,4361b6db563bf73232ecadafda245b33cc524aaa;742158932c0bf1f6fd8814253a5d944d529202a1
ballerina-platform/ballerina-lang,c608f999d5dbc321fedee7f1f395537d7474d95e;55fa081c4b727a5e50257d8d49edea38a803d9a2;d1a9c6f6119c198015a2594439d0948ec9019ab2;99f7cadf5f415b823f8ec66b743f4f86d32acacd;b26068d5c30443dfe4b98c078e4098352ddd1173
apache/nifi,561be89a2174542f2e089e72a64225d8300a623b;48a6c81fa261339c645773a3124ce0ee351346c4
pravega/pravega,974f49816ac8196a3de30c5629488b987a0df82f
apache/iotdb,a8d283e0778bc8759a70092a4b5a5c83bd55302d
openjdk/loom,de00cc778caa2f8777ab5a64b2827c1d1bee7b33;6504983459c6a85b328efd9a245d1a5eb8d50771;a3f3f797b5b88ec7ba2e24ac43564c99c4c2f934;6d2dd6f4837550915405e2bb94cea9a0c407bf72
fabricmc/fabric,a5d709c3e188414991202fa6ee5864f953fc6841
hyperledger/besu,0efa789ffeda0abe1cf940344f5efeeee03f76c7;27c3ad5f78c5a2d1b6e0c51e791f902c66460105
knime/knime-core,a1f11500e71d15cdbe85c718b3be3e4d5a9e1b2f
bazelbuild/intellij,33f15b87476cea7b2e006f51027526d97ceffc89
openjdk/valhalla,de00cc778caa2f8777ab5a64b2827c1d1bee7b33;6504983459c6a85b328efd9a245d1a5eb8d50771;a3f3f797b5b88ec7ba2e24ac43564c99c4c2f934;6d2dd6f4837550915405e2bb94cea9a0c407bf72
ihmcrobotics/ihmc-open-robotics-software,230a0b353782c96f777b4d5d0d86a7ec3a5e1f8f;679f0dc09b01d3aa06f1b2dece2e4c27101b1979;1ff9ce221a933d2eb9e77886f42b3f3cd86f9fb8;c21acf10687b88a30d976a8717314abc56ffa2dc;1c06bb84ea5f825db0cac679313819c9a4a152fe;4c1bd10ba0f28e7d8836bc35abe5ade385e7083d;b37b13f984e494b8278196ad25a0294fc8a86449;6fe8a16bfcff3524c38b585cc6bce09132d18be4;1ba9948e2f3db605ef4cb900b78a5a4cf2091122;8fda00aa89f6e0bd57d32a70937eec4ad0ba7eea;f3233d8653c909537566a2f8ff1e33fd0bd844fb;4cfd82fb9b8ee9aaf86c2c26e1a076cb8ae09d64;44df1bd36c36a450fef10f673d732445ca0e1745;30210e0dd82d9797b725b298e6babd73cdf2216c;b1390a002909b88ad7fe2ff2dd97a6aa8b4be2f3;23523af5202ab78e59e565c7aaf75ba54f88b8c8;a2b972fb1880b25a36b3faa2e4a241d89197c609;1dff6a2d07a912e6ce64775ecb1a1d2e055d856a;4f0c6dee0bea28b47206fe9c4b2e55ef71237f1a;77a5d2bfc5bfbb05f85517763bc92d0306667f72
adoptopenjdk/openjdk-jdk11u,c02fe90899f9d5668e1fdeae5f9842474c2b4adb;ebcdfdd2ec4fe2abc4084d3a22cb5b8aa287f650;5ade1bcc5a34c63e293b7fab1af625d660d8041a;4105e8f98e37b09f5e7e1707d45497375c4a76eb
openjdk/panama-foreign,de00cc778caa2f8777ab5a64b2827c1d1bee7b33;6504983459c6a85b328efd9a245d1a5eb8d50771;a3f3f797b5b88ec7ba2e24ac43564c99c4c2f934;6d2dd6f4837550915405e2bb94cea9a0c407bf72
retgal/dayon,b5eb8abdb3a3e24c2a2e2be453fd6de86ef83620
a0x8o/kafka,9d58d8b8bf93343539792c4b628fde4a415ddbab
openjdk/jdk11u,de00cc778caa2f8777ab5a64b2827c1d1bee7b33;6504983459c6a85b328efd9a245d1a5eb8d50771;a3f3f797b5b88ec7ba2e24ac43564c99c4c2f934;6d2dd6f4837550915405e2bb94cea9a0c407bf72
fasten-project/fasten,e76ac9b9eb49bafda7f228a9108f53d7e6ad9f13
gtnewhorizons/gt5-unofficial,dd19e321ddd7f336685e6e901ee284a31db0f910;d9f473283fa606662f57bbafdd49be37728b0eb0;4f5513db807ec0e14dd1331aeefe38e8e4ac6ab4
openjdk/jdk11u-dev,de00cc778caa2f8777ab5a64b2827c1d1bee7b33;6504983459c6a85b328efd9a245d1a5eb8d50771;a3f3f797b5b88ec7ba2e24ac43564c99c4c2f934;6d2dd6f4837550915405e2bb94cea9a0c407bf72
alfresco/alfresco-community-repo,17129dffe44a5dc253125ac71910a61b1abc4982;3d77cab121a9c3916b001fb69d0c2b1b4aac174e;aac8f44c595b3f87cf4e8ce83f3a8da46d9fac1e
facebook/litho,49e5b4acbc41fc21ea4e471badf7e10fac0ccbca;ce23ce424900650b840bb82ec03e68a92a6cf882
micronaut-projects/micronaut-core,f5da802aa97203a5852c43463c4a0cc77671e009;53015cb87a79b45ae5c3bd674e045eadbe0937f1;f8b29e3759fdd3449d3cc8704079b8bbc9d117cc
apache/lucene-solr,b1eb460b7ed0fe5be97a5d145f4f21f7e96ecc38
sakaiproject/sakai,58382e90b4cf32c9186163d852c2a8d5810a0dc1
apple/servicetalk,6180d4ef3b1fc9ac7b3201a9f4d74329232e8765
batfish/batfish,e56dd510fb33be1bf4131e3ff783872f22a03c69
townyadvanced/towny,0e2f79ee810edd5c6baa260ee090903611f523cf
1c-syntax/bsl-language-server,b174b48f38c3b9815d3b3ae18baeff60037878da
azure/azure-sdk-for-android,d07bc2b8a2cd15cf8704df895ef6728fcdc8a9b0
hashgraph/hedera-services,90885526936bf799caadd8dd94fe8b15a6a31482;fc3ba1567eb636ea15e7dd7fbc2ba4c43df56e38
alexstyl/memento-calendar,381d46666ac47173939b17d5e06b1be350c9a8bc;23306f25ffba92d234475fc905447d2414574c0f
adoptopenjdk/openjdk-jdk11,c02fe90899f9d5668e1fdeae5f9842474c2b4adb;ebcdfdd2ec4fe2abc4084d3a22cb5b8aa287f650;5ade1bcc5a34c63e293b7fab1af625d660d8041a;4105e8f98e37b09f5e7e1707d45497375c4a76eb
epam/cloud-pipeline,b2cf46f810fb6dbfb9596b1a09a316ea000e6914
adoptopenjdk/openjdk-jdk,de00cc778caa2f8777ab5a64b2827c1d1bee7b33;6504983459c6a85b328efd9a245d1a5eb8d50771;a3f3f797b5b88ec7ba2e24ac43564c99c4c2f934;6d2dd6f4837550915405e2bb94cea9a0c407bf72
openjdk/aarch64-port,de00cc778caa2f8777ab5a64b2827c1d1bee7b33;6504983459c6a85b328efd9a245d1a5eb8d50771;a3f3f797b5b88ec7ba2e24ac43564c99c4c2f934;6d2dd6f4837550915405e2bb94cea9a0c407bf72
openjdk/panama-vector,de00cc778caa2f8777ab5a64b2827c1d1bee7b33;6504983459c6a85b328efd9a245d1a5eb8d50771;a3f3f797b5b88ec7ba2e24ac43564c99c4c2f934;6d2dd6f4837550915405e2bb94cea9a0c407bf72
openjdk/jdk-sandbox,de00cc778caa2f8777ab5a64b2827c1d1bee7b33;6504983459c6a85b328efd9a245d1a5eb8d50771;a3f3f797b5b88ec7ba2e24ac43564c99c4c2f934;6d2dd6f4837550915405e2bb94cea9a0c407bf72
oracle/graal,22594d897429c04842bbd4bb6b8bd7afbb853f0a;1de67eaafc0d1ae9d0e4fc53f6b36cb3d03bc59e;8e935d8dd9f5a301e89bcef488b9fdcfe56a60ce;60b1818bee085341e23569c44deb5454fbb509b4;962321cb248be17d26669374ec014d5a5117e6fc;6f433d89ad57fb02b99c47f7335cc5ebdbc9c7be;438bd68ed0ac4023c661c002378fa2d37dfe99ec
apache/beam,3e2f06a8f1634220e87649969e16d5b5d47aac12
vespa-engine/vespa,299f3ecaa104f02547ebb1ca886d0576bae3b3ff;e9e26384e8d3a3c59a77abed04b6ad11260027aa
openliberty/open-liberty,ce66b88786925b139ee19a9943ebc2ed715afbfc
open-telemetry/opentelemetry-java,5882c0f1a7ac192f616e0337e08736c2f7fcf2d3
hartwigmedical/hmftools,9d8590c7e56262663687af072a97b31092cfa397;af0c807775c22dbd9bde488b0b1438f40d2e34b1;365275d20cf5bc6dc788a59fc8ed74a57e5ed017
openjdk/jdk,de00cc778caa2f8777ab5a64b2827c1d1bee7b33;6504983459c6a85b328efd9a245d1a5eb8d50771;a3f3f797b5b88ec7ba2e24ac43564c99c4c2f934;6d2dd6f4837550915405e2bb94cea9a0c407bf72
apache/shardingsphere,6ba04e7893dc64cfd657665578405fed6741d9d1;8aad379c61c1a3a14797192741093977bf558552;367ce3d7ced673a5eec76b04bb18d4338b7e8553;5bb9e28ba4811d2590a0c113c9b681ea3406ee91;b99668c759ca546ed605f4e29d17c6504240485c
anuken/mindustry,32a1d91faf502bcfbfc171a16327f1d49fda3a2c
hapifhir/hapi-fhir,5c7907dfeae332a05f06d63dab7734e527455df4
nirmalsilwal/data-structure-and-algorithm-java-interview-kit,2acce5086581e5d6b808d85da4a61ea96d9fd393
dlsc-software-consulting-gmbh/workbenchfx,ae166f4ee479b7a2de489f0a802d156a2fee5f5d
ultimate-pa/ultimate,01a7f49fed91d1ebad6f79117f2917df7c476f8e;47adba0bcc1620dd583490251eafdb49ec8aa4dc
farkam135/goiv,cace5ec44c87c225848fd5c96af5c66bcfae1a73
paranoiduser/codewars-handbook,9c6e2ba25679a8f900b2a5c017b4bd610f3c779c;6261b73f414ff9ff9ee2b5fc56bd5961538f822f;96635328c490cc8bbf859e1788ccac75605189f2;22899b99938710dbaa0dcba6141854196dc84b2b;3d943beaeabb9a030106858a9358d01fe0f5726b
freecol/freecol,d62178e421f582de0958686326dc658fe3283296;9cf87c008e30dac9e39ae0db709ad58796a0ca73;5dd5534a264a2683e6115d78054e0257edc4f43f;ff0c3b2254cb4533ec68f0d8f2df9801c49d8497;8d580f8233aa2e8ba668e774546a7b1f7263819d;1d0a7b8a9c226f92e3ca1a7da9b417c83455bfc9
esaulpaugh/headlong,22bc215c78f0d8267dae3542fc5310cec8e98a2e;a54bd1b526c66e3de4b034bbc8eafd6abb5be7e9
apache/ignite-3,b68b1564a8305411ebccd3027392cd07c3331718
gngrorg/gngr,8c3e76b1c3761c5ed1b9a2bda604b9a453ae1322
pkainulainen/test-with-spring,5ab2d60e5f9479cbe6945b79367428a96e45ef5a
myersresearchgroup/ibiosim,ed245d79b1be6d2ed516548483cd88a7d2fbb749;28c560144905caceb284d17f6c46469670d5c8ae
sonaropencommunity/sonar-cxx,da22c8329a817e97a41795f9c7555cb0cca058a5;059d6c3ea4baef36f84a9859cc6592d19f849744;545557c081b3319e5181fdfd98887fb53edf9d1b;ea718bf2ec08bef0a63579e357f256ddee6e8c9e;2ed1a1c01499db54de2693cae89f56077c8347ab;8deba8767e04acb5939dc1d92533f51d0d482e70
tencent/hippy,ffe715d50aed02017e1ea4d5592ed2fa7ce57eba
minerllabs/minerl,fc4f7b82d4cdb51d6cefdf22d6b7356eb64ff0d9
agricraft/agricraft,45c0a41cf593f4cc2d3cf7e8bd7c93f104c65ae1
trinodb/trino,f8c51c3adc5bc341e9e598e0ffd73483e508d875
yubico/java-webauthn-server,d57affa4a1d0430a2486456fa0b4615ea1339ed2
mozilla-mobile/firefoxlite,0ad9d19a71db3ba9528c2bcbdb158c8f01b17b18;47a80f8b6e15add6aa60603473358101be3a6138;3a9086a4abb8091588cd882ad64a2e6aba2e3e59;401e02452b8d3c545bc5bbbc91c0df639fb9b3fa
ctripcorp/x-pipe,d8fd4a230a797266917bec71eeec69f6434a60ed
crawljax/crawljax,e1e702c219a847781d23bd64f79058e01a9ec4ed
apache/gobblin,0a49cdb7db62171a1abcfdbb1934a24477807812
react-native-tvos/react-native-tvos,d0135540835b7fe9e95336d800227c5f61a52721;dd49f9e0bc10cf3bc4cc86015823c4a7a6e297ae;65120d70527fc5c4ec958dae5a61ea5004417291;b3ac5f06d235dff5f879e4eaa5a4366096cf5c34;672528ffde3b467ccdfd6b1ce0352f150b20c922
mathgladiator/adama-lang,6ce979f9650949d6df603272efdd7c40a0945c2f
apache/lucene,b1eb460b7ed0fe5be97a5d145f4f21f7e96ecc38
apache/solr,b1eb460b7ed0fe5be97a5d145f4f21f7e96ecc38
dromara/hutool,9aef56a9737808c74ff6898d77b162be9fa6e032;d5718240cc21b6894c3b9e6d25f693498da20a1b;d67e1c567df9df4e4f9bb408884cc26e0cc66823
legacy-fabric/fabric,a5d709c3e188414991202fa6ee5864f953fc6841
fabricmc/yarn,25d67cd049e32d12171dc389f6b9fa8a5bb6f8e3
hurence/logisland,9b15efd71f26183c7c8fa7a211ece38f32dd496d
abixen/abixen-platform,9d645ac15ca5db9bf86100473030de63f2e476e8;707a28e76c0138fc7d687dcdf336dab002271d60;5fe44051480d476396605d92cc49db1c8a716e6b
vaticle/typedb,e0f6a3ec6d6619e7fb7bf200c191a6f8f97cdb06
tencent/tencentkona-11,de00cc778caa2f8777ab5a64b2827c1d1bee7b33;6504983459c6a85b328efd9a245d1a5eb8d50771;a3f3f797b5b88ec7ba2e24ac43564c99c4c2f934;6d2dd6f4837550915405e2bb94cea9a0c407bf72
opensearch-project/opensearch,b3a4a89151175f23ff4f09202c28e35a87d0da42;7192c4630772fc205ca005648adf9667dbd48d17
deepjavalibrary/djl,0332b4c8140f762481eeb53a0c54f28635e389ad
apache/dolphinscheduler,7413b578410a53c4839920edfdf98ac89344b959;b2a2fbda1d25c4eb18cf58ceb6d062b74855cedd;73b0eaa99928f01c512b2feaa87d23b4a14f3485;0c8d08cbaa0636ef93cbcb01c43a34f002bb7fdb;4d553603ee95d166811fc45edadd736aa1853af3
eclipse-openj9/openj9,86d4e6aa064d0d94d6681dfd3dfd2df2762e4bbe;92877c7dca6e654ffac79cf9c43426f219a4d8f5
poslavskysv/rings,d15750b2da356628ac8647987421c787dd965b74
exomiser/exomiser,721c1bba5c638d48094e894c63270cebec112503
maplibre/maplibre-navigation-android,2975aea4cbe359bc5916c91fcc18e629f2fdf045
astrazeneca-ngs/vardictjava,fc923903049e9cd983e9e93cf55b45cfaf8e32dc
openjdk/zgc,de00cc778caa2f8777ab5a64b2827c1d1bee7b33;6504983459c6a85b328efd9a245d1a5eb8d50771;a3f3f797b5b88ec7ba2e24ac43564c99c4c2f934;6d2dd6f4837550915405e2bb94cea9a0c407bf72
openjdk/jdk17,de00cc778caa2f8777ab5a64b2827c1d1bee7b33;6504983459c6a85b328efd9a245d1a5eb8d50771;a3f3f797b5b88ec7ba2e24ac43564c99c4c2f934;6d2dd6f4837550915405e2bb94cea9a0c407bf72
papermc/paper,d95ac585d4fe48c0b6e66d3c0f1ac8aca0d1cc62;3d43c5e50077ac7fa1e68cf7a7add0ac77768a61
mindustry-antigrief/mindustry-client,32a1d91faf502bcfbfc171a16327f1d49fda3a2c
streamsets/datacollector-oss,4cf96872faa0af53b6fc95ed952fb207db71e86d;77e183d002c3b0ed62855d0d809c6f10e394e2ed
convex-dev/convex,5f40f5994dc253e8e902968a4c2bcbc1dbf460ef;270fdbc83144aa2d1c699b0bc5946008b997eb7d;7e29aad42b4b2befa36c7d1940e473d960c9914e
opensearch-project/sql,03e4f97b4f41074d9bf79584a36a56bf90ee221c
deephaven/deephaven-core,f1d8922cbf6f3b02156d956b533dcd82230be2c6;491be6befb38035b19a847bde47579cf6737904d
josm/josm,5fe5203684be3a791edc9e0966f3f7b9cef775c0
